{
  "$schema": "https://playground.wordpress.net/blueprint-schema.json",
  "landingPage": "/",
  "login": true,
  "preferredVersions": {
    "wp": "latest",
    "php": "8.3"
  },
  "features": {
    "networking": true
  },
  "steps": [
    {
      "step": "login",
      "username": "admin",
      "password": "password"
    },
    {
      "step": "installPlugin",
      "pluginData": {
        "resource": "wordpress.org/plugins",
        "slug": "custom-css-js"
      },
      "options": {
        "activate": true
      }
    },
    {
      "step": "installPlugin",
      "pluginData": {
        "resource": "wordpress.org/plugins",
        "slug": "wordpress-seo"
      },
      "options": {
        "activate": false
      }
    },
    {
      "step": "installPlugin",
      "pluginData": {
        "resource": "wordpress.org/plugins",
        "slug": "svg-support"
      },
      "options": {
        "activate": true
      }
    },
    {
      "step": "installPlugin",
      "pluginData": {
        "resource": "wordpress.org/plugins",
        "slug": "w3-total-cache"
      },
      "options": {
        "activate": true
      }
    },
    {
      "step": "installPlugin",
      "pluginData": {
        "resource": "wordpress.org/plugins",
        "slug": "font-awesome"
      },
      "options": {
        "activate": true
      }
    },
    {
      "step": "setSiteOptions",
      "options": {
        "blogname": "WordPress Sandkassen"
      }
    }
  ]
}